{
  "name" : "CreateSnapshot",
  "type" : "NLPIntent",
  "intentParameters" : [ ],
  "exampleData" : [ {
    "sentence" : "create a snapshot",
    "exampleEntities" : [ ]
  }, {
    "sentence" : "build a snapshot",
    "exampleEntities" : [ ]
  }, {
    "sentence" : " a new snapshot please",
    "exampleEntities" : [ ]
  }, {
    "sentence" : "can you build a snapshot",
    "exampleEntities" : [ ]
  }, {
    "sentence" : "I want a new snapshot",
    "exampleEntities" : [ ]
  }, {
    "sentence" : "I want to build a snapshot",
    "exampleEntities" : [ ]
  }, {
    "sentence" : "Will you build a new snapshot?",
    "exampleEntities" : [ ]
  }, {
    "sentence" : "please, create a snapshot",
    "exampleEntities" : [ ]
  } ]
}